{
    "action": {
        "mean": [
            2.008634090423584,
            -58.35673904418945,
            52.06699752807617,
            84.1640853881836,
            -1.612541913986206,
            9.500179290771484
        ],
        "std": [
            10.53703498840332,
            57.80693435668945,
            64.35710144042969,
            10.117609024047852,
            2.4160561561584473,
            15.964427947998047
        ],
        "min": [
            -29.98137855529785,
            -100.0,
            -97.83783721923828,
            25.296239852905273,
            -11.12852668762207,
            0.41356492042541504
        ],
        "max": [
            12.476722717285156,
            59.78928756713867,
            99.60688018798828,
            100.0,
            3.9184954166412354,
            63.68899917602539
        ],
        "q01": [
            -28.770950317382812,
            -99.38542938232422,
            -91.9931217956543,
            46.92838798522949,
            -11.076279640197754,
            0.41356492042541504
        ],
        "q99": [
            11.080074310302734,
            56.504828834533626,
            97.64128112792969,
            100.0,
            2.7690699100494385,
            63.110008239746094
        ]
    },
    "observation.state": {
        "mean": [
            2.0609896183013916,
            -57.88691329956055,
            51.65326690673828,
            82.56475067138672,
            -1.6077017784118652,
            10.830865859985352
        ],
        "std": [
            10.588406562805176,
            58.685508728027344,
            62.279624938964844,
            9.900030136108398,
            2.4157283306121826,
            16.614965438842773
        ],
        "min": [
            -30.173410415649414,
            -99.39939880371094,
            -94.67084503173828,
            27.03972625732422,
            -11.105371475219727,
            0.3401360511779785
        ],
        "max": [
            11.907514572143555,
            60.76076126098633,
            98.43260192871094,
            100.0,
            3.6157023906707764,
            63.46938705444336
        ],
        "q01": [
            -28.940269470214844,
            -99.1991958618164,
            -90.18390876770019,
            47.52840698242188,
            -11.002065658569336,
            0.3401360511779785
        ],
        "q99": [
            10.905587196350098,
            59.51851905822746,
            98.0146255493164,
            100.0,
            2.5826447010040283,
            63.1972770690918
        ]
    },
    "timestamp": {
        "mean": [
            18.6832275390625
        ],
        "std": [
            15.743875503540039
        ],
        "min": [
            0.0
        ],
        "max": [
            59.86666488647461
        ],
        "q01": [
            0.2666666805744171
        ],
        "q99": [
            58.48433357238768
        ]
    }
}